{
 "0.0": {
  "n": 105,
  "segments": 21.428571428571427,
  "hse": 0.6629294426847943,
  "hse_norm": 0.2355660671711253,
  "mean_dist": 0.32020404033717653,
  "accuracy": 0.1523809523809524
 },
 "0.25": {
  "n": 131,
  "segments": 23.709923664122137,
  "hse": 0.7401639511848814,
  "hse_norm": 0.22455293410137078,
  "mean_dist": 0.32570967612830737,
  "accuracy": 0.16793893129770993
 },
 "0.5": {
  "n": 151,
  "segments": 29.52317880794702,
  "hse": 0.7998414982907364,
  "hse_norm": 0.21166610484477671,
  "mean_dist": 0.3324089308842918,
  "accuracy": 0.2847682119205298
 },
 "0.678": {
  "n": 165,
  "segments": 34.68484848484849,
  "hse": 0.8615702931373395,
  "hse_norm": 0.2077454284764388,
  "mean_dist": 0.3425435817151359,
  "accuracy": 0.24242424242424243
 },
 "1.0": {
  "n": 168,
  "segments": 44.61904761904762,
  "hse": 0.8327887601641302,
  "hse_norm": 0.18974351437595835,
  "mean_dist": 0.3401492891301002,
  "accuracy": 0.31547619047619047
 },
 "1.693": {
  "n": 192,
  "segments": 54.723958333333336,
  "hse": 0.834161094195441,
  "hse_norm": 0.18961767077364178,
  "mean_dist": 0.3595731917497081,
  "accuracy": 0.036458333333333336
 }
}